UUID,Fully specified name:en,Data class,Data type,Answers,Members
4044b850-32da-4689-bb59-107fdacfb470,Action taken,Misc,N/A,,
42d2029b-4cd8-4cc0-98da-1d631da10dcf,Any abnormalities?,Misc,N/A,,
f96a327a-4d14-465e-bd4c-f0e71780843b,Apgar Score at 10 minute,Finding,Numeric,,
3cd4e004-26fe-102b-80cb-0017a47871b2,BACILLE CAMILE-GUERIN VACCINATION,Drug,N/A,,
e8d41002-5304-4ba0-9931-cf65d93dbcbc,Blood clotting disorder,Misc,N/A,,
3cd4860e-26fe-102b-80cb-0017a47871b2,BREASTFEEDING,Misc,N/A,نہیں;نہیں,
cb65455f-5082-46cd-aa9f-2b0212dafe6f,Carbetocin,Drug,N/A,,
6602a73b-b8d3-40bc-bae8-f00ff3b9cceb,Clinican notes,Misc,N/A,,
dc758597-fddf-47aa-baa7-40de8038371c,CONGENITAL MALFORMATION,Diagnosis,Text,,
9f1f6af0-51e6-4c04-8673-81ae61fa812e,Continue at home?,Misc,N/A,,
cdf67c09-aa3b-4b7e-b06f-268b5b7b581c,Counselled on (Baby),Misc,N/A,"Supine sleeping;Follow-up visits;Whole body massage;Danger signs, emergency preparedness;Hand washing  general hygiene and cord care;Prevention of hypo- and hyperthermia;Exclusive, responsive breastfeeding",
487771af-dbbf-476a-a176-190179de2a45,Counselled on (Woman),Misc,N/A,"Resumption of sexual activity, safer sex;Rest, help with care in the home;Return to fertility, birth spacing and PPFP;Lochia and involution;Postpartum care and hygiene;Follow-up visits;NUTRITION;Danger signs, emergency preparedness",
cf9cff6f-cd2d-48e7-9935-7534289aff82,"Danger signs, emergency preparedness",Misc,N/A,,
e484492a-4c62-4410-a062-dbbf6d1895c5,Date de  réception du résultat du test de Syphilis,Question,Date,,
3cd653c6-26fe-102b-80cb-0017a47871b2,DATE OF LAST MENSTRUAL PERIOD,Misc,Date,,
092e2163-e657-4961-b554-96ce2c21d051,DATE RESULT OF HIV TEST RECEIVED,Misc,N/A,,
7bdbe689-0646-4c3c-a473-a30bf8521605,Death within 24hr,Misc,N/A,,
7fbd32ed-3d7c-4e81-b89b-87d7043a1b5a,diagnosis_date,Misc,Date,,
bcc829a6-7394-49a6-920b-f42f2a68a96c,diagnosis_time,Misc,Time,,
18cf2829-7aab-459c-b324-36a0d0b177d5,discharge Advice on,Misc,N/A,Local cooling for perineal pain relief;Non-pharmacological interventions to prevent postpartum mastitis;Oral analgesia for perineal pain relief;Non-pharmacological interventions to treat postpartum breast engorgement,
aa2e1a96-1371-494a-8ca3-879656ade4be,Dose,Misc,N/A,,
33dddcf3-791b-4c20-a971-4d5c1ed4110c,Duration of Contraction (in Second),Finding,Text,,
f3be2244-7e9c-492e-a130-17556110a9fc,Early breastfeeding within 1 hour after birth,Misc,N/A,,
f49fa661-191f-4507-8328-7e3a3a0444af,Etat du nombril,Misc,Coded,,
0696c948-f435-46b9-8565-47eb7d84292d,"Exclusive, responsive breastfeeding",Misc,N/A,,
2b202155-cdd7-4f6b-8e4f-85bf8d28e0a7,Eye care,Misc,N/A,,
2bd9654e-3913-43d8-b629-2448c767bfbc,Family planning methods,Misc,N/A,,
c0e7e3ed-0c14-4629-b42d-81cf8c1b3614,Fecal incontinence?,Misc,Coded,,
370efbe9-f916-425c-9d3e-8dd1c747be3e,Fetal position,Misc,N/A,Parto_Transverse;Parto_Anterior;Parto_Posterior,
30331c69-3ecf-4ae5-bd54-71ea90f033bf,FHR deceleration,Misc,N/A,Parto_Early,
c2348cb1-bf27-4cd4-a289-82a69146de7e,"First PNC within 24 hrs, visit time (baby)",Misc,N/A,,
802d4de7-6632-4469-9c52-e7351bc811b1,"First PNC within 24 hrs, visit time (woman)",Misc,N/A,,
904a8277-48f2-48b2-a3d5-c18a1c3247ec,Follow-up visits,Misc,N/A,,
610590af-ded5-40cd-81a2-8f4329e051e8,FP method received?,Misc,N/A,,
2ee6a566-8b83-41a2-ae30-74f7d30fffa6,Fundus of uterus firmly contracted,Misc,N/A,,
eb5ea87a-c490-4302-b02b-749c67e5f21f,Hand washing  general hygiene and cord care,Misc,N/A,,
3ceb96b4-26fe-102b-80cb-0017a47871b2,HEAD CIRCUMFERENCE,Test,N/A,,
3ccc7a0e-26fe-102b-80cb-0017a47871b2,HEPATITIS B,Misc,N/A,,
211a882c-9b07-4dde-82f8-c7f8d90c500e,Heure de délivrance(placenta),Misc,Datetime,,
ef9880fe-3a14-4a05-aadc-e3000c721e3c,Infirmier(ière),Misc,N/A,,
991f4b07-99e9-43e6-91ae-54642cce42c9,Iron/Folate tablets x/day,Misc,N/A,,
cfe15491-db4b-4125-a44a-815aa1d540cd,Lack of uterine involution,Finding,N/A,,
66170440-d983-43f7-a8fa-e79d73d8663b,Local cooling for perineal pain relief,Misc,N/A,,
99984549-c162-4e95-b107-be9fce845500,Lochia and involution,Misc,N/A,,
4fdbcef3-018b-480e-a574-739ad781e290,Lochia: Colour,Misc,N/A,,
a9d6c09a-6b1e-48c3-8a6c-34a0245dc624,Lochia: Odour,Misc,Text,,
5906e188-2991-40c6-bb3b-2c6651530849,Lochia:Amount,Misc,N/A,,
f6acad2a-8553-436a-af8d-15fb934be24c,mather followup date,Misc,Datetime,,
7c9418db-c53f-43d8-aa7d-631053ae9f14,MISOPROSTOL,Misc,N/A,,
1967bfdc-821c-4a0f-aa31-dfc620a91b60,Mother/Parents able and confident to care for the baby?,Misc,N/A,,
74a28037-2fc1-49a5-8572-8cf2710b8c12,Moulding,Misc,N/A,Infirmier(ière),
457458f6-b33b-4fb7-ab57-a29f253b44a3,Movement and tone,Misc,N/A,,
0bc46a19-fe56-4c3a-9d2a-13f1786163a9,New born followup date,Misc,N/A,,
226c9283-7de0-4c80-945f-cbfceea18ab8,New born respiratory status,Misc,N/A,,
d0b955fb-3f3c-4b99-8ed4-75d5b1e49d62,Newborns placed skin to skin after birth,Misc,N/A,,
45350b66-a3e2-4030-b9a1-b14aa3fea440,Next postnatal care visit appointment date,Misc,N/A,,
5965b71c-4214-4780-a74e-2de09b06a552,Nombre de contractions,Question,N/A,,
a3b35497-1224-4599-a121-3c897c7a2f45,Non-pharmacological interventions to prevent postpartum mastitis,Misc,N/A,,
aa036636-f2d1-45ef-b19d-bf4059217b6b,Non-pharmacological interventions to treat postpartum breast engorgement,Misc,N/A,,
3cd9446e-26fe-102b-80cb-0017a47871b2,NUMBER OF WEEKS PREGNANT,Question,N/A,,
0b9ec1eb-49ca-48dc-9aa6-63366b2104b3,NUTRITION,Test,N/A,,
e773a478-875d-4665-a3af-2dfb82336044,Obstetrician,Misc,N/A,,
f50ea84e-26c9-402b-91f4-e4537eb9f5d3,Oral analgesia for perineal pain relief,Misc,N/A,,
59dfcb57-b663-4ecb-8fa6-ca0b7a23674b,Oral fluid,Misc,N/A,نہیں,
da0ed6e5-8017-44c2-a68f-23ea082b8dc4,Other,Finding,N/A,,
76f30070-c91f-4211-880c-024565b69d42,oxytocin,Drug,N/A,,
451b6015-c2f5-4142-87bb-98ec714568ec,P++/A++,Misc,N/A,,
9bd95df5-684b-4a9c-be19-1f30f104908a,Pain relief,Misc,N/A,نہیں,
2576c214-d10e-4330-ab3c-3df4d6bf466d,Parto_Amniotic fluid,Misc,Coded,,
6b713ffd-dd57-467f-96a6-b998607c13ce,Parto_Anterior,Misc,N/A,,
34ab9dab-f58c-409d-8649-6cc5c254470d,Parto_Assessment,Misc,N/A,,
26e9c2db-befd-4e2d-a901-07b0cee4cc8f,Parto_Bleeding and its causes,Misc,N/A,Retained Placenta;Lochia: Colour;Uterine atony,
0acac343-acde-4862-b8cf-7eebfdbc2490,Parto_Blood clotting disorder interventions,Misc,N/A,,
eaa3f2f6-22bb-4a58-82e4-5e3950f74cc8,Parto_Caput,Misc,N/A,Infirmier(ière),
88da05c7-d76c-49d1-9c20-55080d8db170,Parto_Cesarean birth,Misc,N/A,,
9fd6786b-6b83-4fa7-b6b4-ba5846a84937,parto_Companion,Misc,N/A,نہیں,
56e6bf34-c8a2-4a54-bd8a-43e1e9d1c78f,Parto_Complications,Misc,N/A,Other,
669638cb-ad30-4caa-bff8-6c28721129aa,parto_Conducted by,Misc,N/A,Obstetrician;Fecal incontinence?;Infirmier(ière);Other,
ef129b33-e1ed-43f2-9e47-b169a95f7c59,Parto_Descent,Misc,N/A,,
5bc1ae2b-5d58-4201-a1ec-5538321350c2,Parto_Diagnosis based on,Misc,N/A,,
78e11357-78fd-4d4d-9322-9c47709c8436,Parto_Early,Misc,N/A,,
d5180c5c-96a4-4640-9509-5e3926c5efe4,Parto_Initial,Misc,N/A,,
def3f08b-e55a-464d-8d1c-b4a389a37649,Parto_IV fluids,Misc,N/A,,
89bf85f5-72f1-4037-ac86-6e3ac730ef45,Parto_Medicine,Misc,N/A,,
3104238e-94f7-4d63-a59f-d2886bd7b15a,parto_Mode of childbirth,Misc,N/A,Parto_Cesarean birth;Parto_Spontaneous vaginal birth,
ca5f9645-f958-47ca-b488-079d4089cc3e,parto_plan,Misc,N/A,,
1f521426-241a-49f3-95c1-7fb0a2c43c97,Parto_Posterior,Misc,N/A,,
cfa799db-d343-4213-9eed-8dec825ccc0e,Parto_Resuscitation,Misc,N/A,,
a6135f07-7de7-4f31-9807-73cf8e739a3b,Parto_Retained Placenta interventions,Misc,N/A,,
2d5d45c4-d8dd-479b-8a3a-76577f7e4c14,Parto_Screening,Misc,N/A,Screened positive for abnormalities of the eye;Screened negative for hyperbilirubinaemia by TcB;Screened negative for abnormalities of the eye;Screened negative for hearing impairment,
ed5d34b0-441b-4a2f-972d-6c6af5c108ab,Parto_Screening for substance use,Misc,N/A,,
b5985b24-dca0-4432-ae74-5f54a149358d,Parto_Screening HIV,Misc,N/A,,
cc3857ef-7dff-4973-8ef1-d4d4e765f908,Parto_Screening RPR catch-up,Misc,N/A,,
c2069c3d-1a82-4bf8-8546-55dd8e77dd26,Parto_Spontaneous vaginal birth,Misc,N/A,,
60db29ac-c00f-433a-9dd0-04feb7bd7017,Parto_Tear interventions,Misc,N/A,,
d8b29a7f-b332-4e99-879b-5433433b66df,Parto_Transverse,Misc,N/A,,
8eeea59e-d31c-4294-b02d-078249818e1b,Parto_Urine,Misc,N/A,P++/A++,
b115df7b-2657-4203-ae3c-725ccc2b8b39,Parto_Uterine atony interventions,Misc,Coded,,
334d8cd9-a467-4daa-b4c3-406c0275656c,parto_Uterotonics for AMTSL,Misc,N/A,oxytocin;MISOPROSTOL;Carbetocin,
db424d49-a57f-40e8-bb6e-c2acf42cf1ee,Perineum,Misc,N/A,,
96f890c7-72ed-4586-9782-22a91a07bbbd,Placenta delivery,Misc,N/A,,
3ceb32b4-26fe-102b-80cb-0017a47871b2,POLIOMYELITIS,Misc,N/A,,
c0165f54-659f-4ad2-b997-db91844b26c2,Postpartum care and hygiene,Misc,N/A,,
cb758416-d950-4e21-a4b6-4cd37843b74c,Posture,Misc,N/A,,
b76f83ea-b94d-4768-8beb-91e6a69c2527,Prevention of hypo- and hyperthermia,Misc,N/A,,
49685457-b20e-4489-b1ea-cb278f5f3f0f,Receiving prophylactic medications?,Misc,N/A,,
737d736e-9c1e-482a-a9af-328114cc5638,"Rest, help with care in the home",Misc,N/A,,
0c603c96-1ed9-4ecd-8de1-2ca49b4838b5,"Resumption of sexual activity, safer sex",Misc,N/A,,
bcc5dab9-108e-47b3-80d5-004086deb7cd,Retained Placenta,Misc,N/A,,
5fa213ba-7a0e-4cbe-a0e7-44ce1cc8804a,"Return to fertility, birth spacing and PPFP",Misc,N/A,,
6834067f-54fb-4214-87fa-4b19e79360fc,Sage-femme,Diagnosis,Text,,
0f3f27e8-949d-4ef3-9c1a-04cb2ac121ff,saignement du vagin,Symptom/Finding,N/A,,
4ac39577-f644-4b8d-9a96-5d46a9bcf785,Score d'Apgar à 1 minute,Misc,N/A,,
4f083700-f814-4ce9-9d0d-426c910844cb,Screened negative for abnormalities of the eye,Misc,N/A,,
d7641598-2ee9-471a-8730-41b38a768def,Screened negative for hearing impairment,Misc,N/A,,
57e76394-b299-424c-b31f-c4bb0fdd0869,Screened negative for hyperbilirubinaemia by TcB,Misc,N/A,,
4087e66a-b161-4319-b0a3-4879547dc177,Screened positive for abnormalities of the eye,Misc,N/A,,
e552ef1b-a9b2-45ef-8078-b1d3989c2454,Sex,Misc,N/A,,
a972e953-3552-4a95-bd9f-1a59c2a87f69,Still birth,Misc,N/A,,
68d358df-f16d-4b26-b05c-f6f34eb00048,Supine sleeping,Misc,N/A,,
79b9f813-6612-49a9-bc28-bf2a18c0af2d,Time,Misc,N/A,,
80d26408-00ce-4476-9683-bd44ebdc0f4f,Time the umbilical cord was cut,Misc,N/A,,
e65c3e51-261e-4294-a5d3-47f94164dc5f,Under treatment for a complication?,Misc,N/A,,
a0bc6f56-c70b-4f7a-b9a4-2dd9806f67b5,Uterine atony,Misc,N/A,,
910ed264-7712-43f6-b9e6-59d8ecf05da9,Uterine height,Misc,Text,,
9eb2c604-beab-41e7-a1ef-d53b6aa5dda6,VITAMIN K1,Misc,N/A,,
28208174-8023-44c9-8101-a1569d3526ec,Whole body massage,Misc,N/A,,
457b48c5-f089-4ba9-b123-34e3751506ad,Woman able and confident to care for herself?,Misc,N/A,,
8acb9a3d-c318-48c5-a254-b074d8784ba9,Woman bonding well with her baby?,Misc,N/A,,
e03876e8-df57-4b83-9d3d-cdc32410cf08,Woman has a social network able to assist her in the home?,Misc,N/A,,
781be340-8a64-426d-911b-7d02ecea2036,État du périnée,Question,Coded,,
3cd6f86c-26fe-102b-80cb-0017a47871b2,نہیں,Misc,N/A,,
cf3137cf-8a15-429b-800b-2e35d43011d7,Newborn Outcome,Misc,Coded,HEAD CIRCUMFERENCE;Death within 24hr;Still birth,
